DateTime,Number of sales,Sales USD,Average USD,Active market wallets,Unique buyers
2021-04-25,7.0,1285.33,183.62,8.0,7.0
2021-04-26,70.0,13901.4,198.59,18.0,17.0
2021-04-27,46.0,9416.47,204.71,20.0,19.0
2021-04-28,49.0,10557.25,215.45,19.0,18.0
2021-04-29,68.0,14909.21,219.25,31.0,30.0
2021-04-30,297.0,65877.04,221.81,97.0,95.0
2021-05-01,11159.0,3765957.87,337.48,1490.0,1477.0
2021-05-02,1706.0,3926670.53,2301.68,1147.0,869.0
2021-05-03,1142.0,3034317.04,2657.02,883.0,633.0
2021-05-04,350.0,986765.68,2819.33,416.0,237.0
2021-05-05,269.0,634103.49,2357.26,332.0,189.0
2021-05-06,191.0,472386.45,2473.23,260.0,144.0
2021-05-07,155.0,318572.1,2055.3,212.0,123.0
2021-05-08,97.0,257822.49,2657.96,150.0,81.0
2021-05-09,119.0,305362.86,2566.07,164.0,86.0
2021-05-10,62.0,159340.91,2570.01,98.0,50.0
2021-05-11,35.0,55219.31,1577.69,63.0,33.0
2021-05-12,41.0,90146.39,2198.69,72.0,36.0
2021-05-13,48.0,83277.97,1734.96,84.0,45.0
2021-05-14,43.0,97924.37,2277.31,70.0,36.0
2021-05-15,55.0,174975.58,3181.37,85.0,44.0
2021-05-16,85.0,249720.0,2937.88,121.0,58.0
2021-05-17,53.0,97279.56,1835.46,78.0,43.0
2021-05-18,80.0,126688.88,1583.61,113.0,68.0
2021-05-19,52.0,81372.77,1564.86,79.0,48.0
2021-05-20,84.0,132234.25,1574.22,119.0,65.0
2021-05-21,90.0,131551.89,1461.69,118.0,70.0
2021-05-22,70.0,95127.3,1358.96,110.0,64.0
2021-05-23,74.0,77908.78,1052.82,105.0,61.0
2021-05-24,100.0,119623.68,1196.24,128.0,83.0
2021-05-25,80.0,127782.6,1597.28,111.0,65.0
2021-05-26,56.0,99043.87,1768.64,86.0,48.0
2021-05-27,73.0,129850.84,1778.78,105.0,59.0
2021-05-28,134.0,219692.62,1639.5,162.0,109.0
2021-05-29,145.0,227217.17,1567.01,183.0,110.0
2021-05-30,603.0,1264990.24,2097.83,572.0,346.0
2021-05-31,471.0,1305683.74,2772.15,504.0,345.0
2021-06-01,518.0,2073539.33,4002.97,558.0,373.0
2021-06-02,294.0,1081012.87,3676.91,305.0,189.0
2021-06-03,177.0,781780.43,4416.84,229.0,147.0
2021-06-04,125.0,430080.91,3440.65,159.0,90.0
2021-06-05,255.0,1161394.0,4554.49,323.0,213.0
2021-06-06,347.0,1579569.91,4552.07,418.0,266.0
2021-06-07,525.0,3181534.72,6060.07,531.0,357.0
2021-06-08,267.0,1777059.48,6655.65,329.0,220.0
2021-06-09,162.0,1014166.7,6260.29,210.0,126.0
2021-06-10,128.0,763886.15,5967.86,184.0,104.0
2021-06-11,127.0,717969.6,5653.3,191.0,103.0
2021-06-12,79.0,445783.61,5642.83,118.0,72.0
2021-06-13,130.0,710631.01,5466.39,162.0,89.0
2021-06-14,94.0,613248.53,6523.92,144.0,82.0
2021-06-15,199.0,1757091.78,8829.61,277.0,159.0
2021-06-16,158.0,1276834.43,8081.23,227.0,136.0
2021-06-17,215.0,1831191.32,8517.17,277.0,170.0
2021-06-18,424.0,2135086.33,5035.58,439.0,288.0
2021-06-19,831.0,4681022.48,5633.0,803.0,476.0
2021-06-20,731.0,6976549.82,9543.84,631.0,380.0
2021-06-21,496.0,3694890.79,7449.38,471.0,265.0
2021-06-22,214.0,1433229.38,6697.33,241.0,144.0
2021-06-23,227.0,1500422.0,6609.79,251.0,142.0
2021-06-24,230.0,1713662.27,7450.71,261.0,134.0
2021-06-25,643.0,3217168.87,5003.37,662.0,377.0
2021-06-26,804.0,4286134.87,5331.01,789.0,479.0
2021-06-27,355.0,1589932.45,4478.68,432.0,243.0
2021-06-28,211.0,1053691.4,4993.8,299.0,157.0
2021-06-29,197.0,1039626.39,5277.29,281.0,153.0
2021-06-30,159.0,741063.25,4660.78,238.0,131.0
2021-07-01,126.0,635031.43,5039.93,178.0,97.0
2021-07-02,102.0,370827.83,3635.57,155.0,86.0
2021-07-03,84.0,331491.3,3946.33,126.0,64.0
2021-07-04,93.0,573121.53,6162.6,142.0,75.0
2021-07-05,96.0,483071.95,5032.0,141.0,76.0
2021-07-06,99.0,506577.78,5116.95,140.0,71.0
2021-07-07,115.0,627195.07,5453.87,173.0,87.0
2021-07-08,126.0,520244.94,4128.93,156.0,82.0
2021-07-09,131.0,635342.1,4849.94,173.0,99.0
2021-07-10,120.0,693203.15,5776.69,175.0,87.0
2021-07-11,203.0,1491298.82,7346.3,242.0,135.0
2021-07-12,299.0,1912754.04,6397.17,382.0,215.0
2021-07-13,280.0,1899526.84,6784.02,347.0,189.0
2021-07-14,276.0,2124531.67,7697.58,355.0,190.0
2021-07-15,381.0,3928529.53,10311.1,448.0,258.0
2021-07-16,464.0,4860810.19,10475.88,570.0,339.0
2021-07-17,943.0,6984247.74,7406.41,963.0,539.0
2021-07-18,297.0,2774178.83,9340.67,374.0,224.0
2021-07-19,698.0,3694879.65,5293.52,722.0,363.0
2021-07-20,576.0,3481797.18,6044.79,671.0,369.0
2021-07-21,309.0,2326925.63,7530.5,379.0,222.0
2021-07-22,139.0,1167635.69,8400.26,197.0,113.0
2021-07-23,129.0,1147935.98,8898.73,174.0,101.0
2021-07-24,68.0,703823.83,10350.35,106.0,60.0
2021-07-25,85.0,1047098.75,12318.81,132.0,68.0
2021-07-26,116.0,1251712.45,10790.62,173.0,89.0
2021-07-27,136.0,1205751.45,8865.82,202.0,106.0
2021-07-28,88.0,847255.12,9627.9,148.0,76.0
2021-07-29,43.0,471096.07,10955.72,74.0,39.0
2021-07-30,104.0,1182517.82,11370.36,127.0,78.0
2021-07-31,229.0,3663392.63,15997.35,331.0,177.0
2021-08-01,411.0,8602154.02,20929.82,519.0,281.0
2021-08-02,145.0,3159743.61,21791.34,229.0,129.0
2021-08-03,304.0,6033504.51,19847.05,432.0,244.0
2021-08-04,864.0,20619630.49,23865.31,985.0,555.0
2021-08-05,272.0,9711894.45,35705.49,419.0,224.0
2021-08-06,352.0,8937549.16,25390.76,477.0,253.0
2021-08-07,235.0,7167168.87,30498.59,330.0,169.0
2021-08-08,209.0,9393380.91,44944.41,282.0,147.0
2021-08-09,146.0,4778569.68,32729.93,230.0,121.0
2021-08-10,117.0,4325422.11,36969.42,186.0,105.0
2021-08-11,103.0,5299638.1,51452.8,170.0,93.0
2021-08-12,84.0,2669682.42,31781.93,150.0,79.0
2021-08-13,82.0,2636280.23,32149.76,131.0,69.0
2021-08-14,123.0,3953927.97,32145.76,184.0,96.0
2021-08-15,120.0,3264587.89,27204.9,185.0,102.0
2021-08-16,74.0,2313859.59,31268.37,123.0,65.0
2021-08-17,61.0,2053062.43,33656.76,105.0,57.0
2021-08-18,60.0,2017875.45,33631.26,103.0,55.0
2021-08-19,68.0,2035970.43,29940.74,108.0,54.0
2021-08-20,208.0,10954982.1,52668.18,304.0,166.0
2021-08-21,446.0,22481418.23,50406.77,594.0,319.0
2021-08-22,128.0,6271779.22,48998.28,193.0,106.0
2021-08-23,360.0,21220408.65,58945.58,499.0,283.0
2021-08-24,605.0,21446673.45,35449.05,769.0,438.0
2021-08-25,218.0,14299079.12,65592.11,320.0,167.0
2021-08-26,187.0,14542186.37,77765.7,268.0,124.0
2021-08-27,176.0,10608317.99,60274.53,273.0,145.0
2021-08-28,699.0,60549397.45,86622.89,880.0,502.0
2021-08-29,15819.0,248402172.11,15702.77,6924.0,6536.0
2021-08-30,1399.0,55826097.74,39904.29,1815.0,1056.0
2021-08-31,775.0,27782714.18,35848.66,1070.0,580.0
2021-09-01,526.0,22993100.16,43713.12,814.0,442.0
2021-09-02,462.0,19113936.4,41372.16,694.0,394.0
2021-09-03,333.0,14482789.6,43491.86,537.0,298.0
2021-09-04,230.0,7912224.84,34400.98,368.0,205.0
2021-09-05,300.0,16074170.33,53580.57,468.0,252.0
2021-09-06,238.0,14357999.39,60327.73,396.0,196.0
2021-09-07,169.0,5020799.73,29708.87,281.0,155.0
2021-09-08,214.0,5615961.75,26242.81,347.0,182.0
2021-09-09,171.0,6370968.56,37257.13,293.0,156.0
2021-09-10,175.0,7050919.83,40290.97,302.0,163.0
2021-09-11,100.0,2643282.36,26432.82,167.0,92.0
2021-09-12,97.0,2535937.39,26143.68,170.0,88.0
2021-09-13,137.0,4500295.99,32848.88,209.0,111.0
2021-09-14,156.0,4659519.79,29868.72,253.0,130.0
2021-09-15,223.0,9356762.28,41958.58,373.0,193.0
2021-09-16,223.0,10358038.55,46448.6,372.0,200.0
2021-09-17,118.0,4229917.27,35846.76,187.0,89.0
2021-09-18,95.0,3448409.3,36299.05,161.0,87.0
2021-09-19,102.0,2483675.2,24349.76,174.0,88.0
2021-09-20,91.0,3147218.55,34584.82,162.0,81.0
2021-09-21,300.0,6104216.31,20347.39,486.0,261.0
2021-09-22,156.0,3777034.42,24211.76,262.0,130.0
2021-09-23,133.0,3719412.55,27965.51,220.0,107.0
2021-09-24,129.0,4449771.06,34494.35,222.0,107.0
2021-09-25,86.0,2772956.67,32243.68,155.0,82.0
2021-09-26,105.0,4148722.39,39511.64,174.0,96.0
2021-09-27,113.0,2368466.36,20959.88,192.0,94.0
2021-09-28,113.0,3411470.04,30190.0,211.0,109.0
2021-09-29,99.0,2560824.87,25866.92,176.0,89.0
2021-09-30,122.0,7902157.63,64771.78,204.0,104.0
2021-10-01,110.0,6243300.51,56757.28,187.0,101.0
2021-10-02,94.0,5839633.24,62123.76,176.0,89.0
2021-10-03,114.0,4974498.88,43635.96,202.0,105.0
2021-10-04,103.0,5440086.55,52816.37,188.0,95.0
2021-10-05,106.0,6035807.57,56941.58,180.0,97.0
2021-10-06,102.0,3761215.33,36874.66,183.0,91.0
2021-10-07,103.0,3779488.11,36694.06,176.0,95.0
2021-10-08,251.0,7523727.68,29975.01,404.0,207.0
2021-10-09,131.0,5157841.06,39372.83,223.0,108.0
2021-10-10,73.0,3244999.92,44452.05,129.0,66.0
2021-10-11,77.0,2072456.58,26915.02,135.0,74.0
2021-10-12,79.0,5894547.46,74614.52,141.0,74.0
2021-10-13,113.0,5275247.21,46683.6,205.0,102.0
2021-10-14,119.0,5873837.12,49359.98,187.0,109.0
2021-10-15,92.0,3435298.97,37340.21,154.0,81.0
2021-10-16,69.0,3205879.4,46462.02,128.0,65.0
2021-10-17,66.0,2257963.26,34211.56,116.0,61.0
2021-10-18,46.0,2116532.89,46011.58,88.0,44.0
2021-10-19,76.0,6480682.82,85272.14,132.0,70.0
2021-10-20,91.0,3116925.36,34251.93,159.0,88.0
2021-10-21,111.0,4777212.83,43037.95,188.0,102.0
2021-10-22,157.0,6116324.68,38957.48,253.0,131.0
2021-10-23,119.0,8206265.11,68960.21,208.0,110.0
2021-10-24,47.0,1951114.46,41513.07,84.0,43.0
2021-10-25,78.0,4611699.54,59124.35,121.0,70.0
2021-10-26,65.0,2903081.83,44662.8,113.0,58.0
2021-10-27,78.0,5138917.38,65883.56,132.0,70.0
2021-10-28,129.0,4312622.31,33431.18,186.0,93.0
2021-10-29,102.0,5322286.61,52179.28,180.0,88.0
2021-10-30,73.0,3276688.76,44886.15,133.0,68.0
2021-10-31,74.0,4506227.53,60894.97,136.0,68.0
2021-11-01,66.0,2971856.11,45028.12,111.0,54.0
2021-11-02,85.0,3734628.2,43936.8,143.0,73.0
2021-11-03,89.0,3844460.08,43196.18,154.0,79.0
2021-11-04,103.0,3959066.63,38437.54,181.0,94.0
2021-11-05,97.0,4171532.49,43005.49,158.0,85.0
2021-11-06,103.0,5770287.63,56022.21,183.0,94.0
2021-11-07,164.0,5926421.4,36136.72,282.0,137.0
2021-11-08,120.0,5196221.72,43301.85,219.0,111.0
2021-11-09,104.0,4365001.16,41971.16,167.0,89.0
2021-11-10,103.0,6733476.4,65373.56,177.0,90.0
2021-11-11,136.0,6960271.33,51178.47,233.0,121.0
2021-11-12,184.0,14202153.53,77185.62,307.0,156.0
2021-11-13,845.0,42153620.99,49885.94,1247.0,680.0
2021-11-14,828.0,39354785.03,47529.93,1204.0,631.0
2021-11-15,438.0,29470115.06,67283.37,728.0,372.0
2021-11-16,429.0,36113951.86,84181.71,697.0,363.0
2021-11-17,554.0,32148357.33,58029.53,875.0,474.0
2021-11-18,312.0,19486001.62,62455.13,508.0,258.0
2021-11-19,171.0,11927776.82,69753.08,298.0,155.0
2021-11-20,131.0,7140625.22,54508.59,229.0,118.0
2021-11-21,109.0,6889734.8,63208.58,194.0,100.0
2021-11-22,102.0,7745187.83,75933.21,181.0,94.0
2021-11-23,68.0,3713301.46,54607.37,124.0,65.0
2021-11-24,68.0,3453893.66,50792.55,125.0,66.0
2021-11-25,73.0,3923004.13,53739.78,133.0,68.0
2021-11-26,72.0,5238893.9,72762.42,132.0,67.0
2021-11-27,74.0,4172831.4,56389.61,117.0,63.0
2021-11-28,86.0,6384420.54,74237.45,155.0,81.0
2021-11-29,115.0,8529137.75,74166.42,201.0,97.0
2021-11-30,76.0,5708289.6,75109.07,137.0,67.0
2021-12-01,85.0,7036900.48,82787.06,146.0,73.0
2021-12-02,105.0,8222915.2,78313.48,181.0,94.0
2021-12-03,118.0,10968909.68,92956.86,214.0,111.0
2021-12-04,130.0,10411555.78,80088.89,228.0,119.0
2021-12-05,96.0,5465835.08,56935.78,172.0,92.0
2021-12-06,74.0,4391663.59,59346.81,130.0,66.0
2021-12-07,76.0,6510690.75,85666.98,132.0,67.0
2021-12-08,78.0,4265767.72,54689.33,127.0,62.0
2021-12-09,88.0,7705122.35,87558.21,148.0,74.0
2021-12-10,99.0,7075336.55,71468.05,162.0,83.0
2021-12-11,73.0,6443006.11,88260.36,123.0,56.0
2021-12-12,60.0,3495559.26,58259.32,104.0,56.0
2021-12-13,89.0,5220315.1,58655.23,154.0,83.0
2021-12-14,84.0,6611810.69,78712.03,150.0,78.0
2021-12-15,84.0,5020522.22,59768.12,148.0,81.0
2021-12-16,68.0,6792104.05,99883.88,122.0,65.0
2021-12-17,98.0,5088602.53,51924.52,176.0,84.0
2021-12-18,70.0,3908930.84,55841.87,135.0,70.0
2021-12-19,59.0,3926551.52,66551.72,106.0,50.0
2021-12-20,73.0,3772109.64,51672.73,132.0,66.0
2021-12-21,129.0,6086161.91,47179.55,225.0,109.0
2021-12-22,169.0,8704895.12,51508.26,299.0,153.0
2021-12-23,297.0,14140410.38,47610.81,509.0,255.0
2021-12-24,266.0,14056944.75,52845.66,463.0,244.0
2021-12-25,255.0,11886504.57,46613.74,433.0,225.0
2021-12-26,569.0,29228353.27,51367.93,907.0,474.0
2021-12-27,669.0,32558277.89,48667.08,976.0,541.0
2021-12-28,234.0,16841851.36,71973.72,397.0,208.0
2021-12-29,250.0,16331620.18,65326.48,419.0,225.0
2021-12-30,200.0,14786448.32,73932.24,331.0,173.0
2021-12-31,204.0,16886948.66,82779.16,346.0,181.0
2022-01-01,607.0,50526293.93,83239.36,874.0,476.0
2022-01-02,909.0,56441075.28,62091.39,1220.0,681.0
2022-01-03,593.0,43594987.55,73516.0,848.0,468.0
2022-01-04,235.0,18663030.21,79417.15,378.0,214.0
2022-01-05,220.0,17186002.91,78118.2,330.0,180.0
2022-01-06,188.0,14151646.99,75274.72,289.0,150.0
2022-01-07,150.0,11156797.85,74378.65,235.0,129.0
2022-01-08,134.0,10566986.95,78858.11,214.0,117.0
2022-01-09,218.0,24312097.37,111523.38,348.0,182.0
2022-01-10,209.0,16584689.77,79352.58,315.0,174.0
2022-01-11,118.0,9072859.84,76888.64,196.0,105.0
2022-01-12,107.0,10359517.46,96817.92,180.0,94.0
2022-01-13,93.0,8892007.28,95612.98,159.0,84.0
2022-01-14,94.0,8886518.61,94537.43,166.0,82.0
2022-01-15,166.0,16594008.51,99963.91,279.0,139.0
2022-01-16,115.0,12724768.94,110650.16,183.0,97.0
2022-01-17,142.0,9405173.01,66233.61,221.0,109.0
2022-01-18,97.0,8831278.73,91044.11,173.0,90.0
2022-01-19,103.0,7181077.37,69719.2,160.0,90.0
2022-01-20,116.0,13870793.49,119575.81,196.0,101.0
2022-01-21,135.0,12253138.26,90763.99,230.0,124.0
2022-01-22,108.0,9670926.88,89545.62,175.0,95.0
2022-01-23,141.0,8168225.54,57930.68,215.0,103.0
2022-01-24,124.0,9926742.75,80054.38,201.0,103.0
2022-01-25,300.0,19365652.67,64552.18,475.0,242.0
2022-01-26,317.0,20884077.34,65880.37,502.0,276.0
2022-01-27,167.0,14361900.38,85999.4,272.0,146.0
2022-01-28,193.0,17100961.28,88606.02,319.0,157.0
2022-01-29,297.0,25281973.53,85124.49,467.0,243.0
2022-01-30,481.0,43977273.5,91428.84,699.0,374.0
2022-01-31,392.0,42891904.52,109418.12,617.0,347.0
2022-02-01,164.0,18120436.84,110490.47,281.0,148.0
2022-02-02,144.0,10582690.56,73490.91,184.0,103.0
2022-02-03,154.0,11883856.69,77167.9,247.0,127.0
2022-02-04,96.0,10359305.23,107909.43,163.0,87.0
2022-02-05,71.0,6579032.43,92662.43,107.0,59.0
2022-02-06,93.0,6206793.48,66739.71,135.0,68.0
2022-02-07,99.0,9998811.55,100998.1,157.0,90.0
2022-02-08,103.0,8318410.7,80761.27,160.0,85.0
2022-02-09,86.0,8747043.95,101709.81,150.0,76.0
2022-02-10,83.0,6589214.31,79388.12,120.0,68.0
2022-02-11,59.0,5904710.98,100079.85,105.0,56.0
2022-02-12,93.0,8150184.58,87636.39,141.0,74.0
2022-02-13,118.0,11986775.02,101582.84,145.0,81.0
2022-02-14,71.0,6584927.22,92745.45,83.0,46.0
2022-02-15,89.0,9102918.03,102279.98,116.0,64.0
2022-02-16,82.0,6868263.69,83759.31,94.0,54.0
2022-02-17,67.0,5621274.0,83899.61,99.0,55.0
2022-02-18,57.0,4606510.41,80815.97,81.0,43.0
2022-02-19,66.0,3894640.07,59009.7,84.0,44.0
2022-02-20,64.0,4241437.46,66272.46,64.0,38.0
2022-02-21,59.0,4221268.48,71546.92,71.0,43.0
2022-02-22,74.0,4449059.33,60122.42,100.0,58.0
2022-02-23,72.0,5020113.87,69723.8,89.0,49.0
2022-02-24,160.0,8938450.29,55865.31,257.0,135.0
2022-02-25,115.0,10308844.33,89642.12,188.0,96.0
2022-02-26,56.0,4753287.37,84880.13,78.0,46.0
2022-02-27,48.0,3606480.86,75135.02,77.0,43.0
2022-02-28,43.0,4100711.98,95365.39,71.0,37.0
2022-03-01,45.0,3103978.48,68977.3,71.0,38.0
2022-03-02,59.0,5252771.29,89030.02,92.0,50.0
2022-03-03,54.0,3031919.86,56146.66,83.0,43.0
2022-03-04,74.0,4529227.44,61205.78,100.0,49.0
2022-03-05,74.0,3574518.03,48304.3,104.0,52.0
2022-03-06,52.0,2095955.07,40306.83,76.0,44.0
2022-03-07,98.0,7428720.81,75803.27,150.0,76.0
2022-03-08,89.0,7476493.39,84005.54,148.0,77.0
2022-03-09,58.0,4104694.36,70770.59,103.0,52.0
2022-03-10,118.0,4105045.65,34788.52,171.0,77.0
2022-03-11,90.0,4826308.49,53625.65,141.0,77.0
2022-03-12,131.0,12347781.34,94257.87,216.0,115.0
2022-03-13,191.0,13888867.73,72716.58,278.0,140.0
2022-03-14,78.0,5199841.38,66664.63,130.0,72.0
2022-03-15,129.0,8065648.54,62524.41,221.0,120.0
2022-03-16,468.0,33373578.55,71311.07,692.0,393.0
2022-03-17,906.0,73350230.38,80960.52,1188.0,681.0
2022-03-18,497.0,34573385.43,69564.16,701.0,380.0
2022-03-19,337.0,31382048.12,93121.8,529.0,285.0
2022-03-20,181.0,14336719.52,79208.4,272.0,149.0
2022-03-21,128.0,9278088.73,72485.07,192.0,108.0
2022-03-22,117.0,10722500.3,91645.3,189.0,103.0
2022-03-23,176.0,17678631.71,100446.77,262.0,149.0
2022-03-24,221.0,16962701.48,76754.31,332.0,165.0
2022-03-25,122.0,14829045.54,121549.55,181.0,106.0
2022-03-26,108.0,9972763.98,92340.41,160.0,85.0
2022-03-27,109.0,12042390.66,110480.65,162.0,89.0
2022-03-28,100.0,9355097.1,93550.97,151.0,87.0
2022-03-29,79.0,7536463.78,95398.28,129.0,72.0
2022-03-30,96.0,10269957.85,106978.73,160.0,82.0
2022-03-31,109.0,12430390.91,114040.28,177.0,94.0
2022-04-01,102.0,10210789.05,100105.77,161.0,85.0
2022-04-02,95.0,7517272.5,79129.18,149.0,81.0
2022-04-03,67.0,7217299.87,107720.89,104.0,57.0
2022-04-04,92.0,9597079.81,104316.08,154.0,81.0
2022-04-05,143.0,12467367.91,87184.39,207.0,103.0
2022-04-06,95.0,8575527.87,90268.71,147.0,76.0
2022-04-07,67.0,6859159.43,102375.51,118.0,62.0
2022-04-08,72.0,5984680.91,83120.57,114.0,62.0
2022-04-09,36.0,3097860.22,86051.67,64.0,33.0
2022-04-10,45.0,6986405.87,155253.46,79.0,42.0
2022-04-11,82.0,8040819.75,98058.78,122.0,64.0
2022-04-12,74.0,7789763.14,105267.07,108.0,62.0
2022-04-13,101.0,8880524.06,87925.98,147.0,83.0
2022-04-14,65.0,5725930.21,88091.23,104.0,58.0
2022-04-15,59.0,5063700.4,85825.43,80.0,46.0
2022-04-16,55.0,4741304.31,86205.53,92.0,51.0
2022-04-17,61.0,5146887.26,84375.2,91.0,53.0
2022-04-18,209.0,18377191.84,87929.15,330.0,163.0
2022-04-19,230.0,24746060.47,107591.57,404.0,209.0
2022-04-20,225.0,24194578.384,107504.31666666668,393.9333333333333,203.4
2022-04-21,220.0,23643096.298,107417.06333333334,383.8666666666667,197.8
2022-04-22,215.0,23091614.212,107329.81,373.8,192.2
2022-04-23,210.0,22540132.126,107242.55666666669,363.73333333333335,186.6
2022-04-24,205.0,21988650.04,107155.30333333334,353.6666666666667,181.0
2022-04-25,200.0,21437167.954,107068.05,343.6,175.4
2022-04-26,195.0,20885685.868,106980.79666666668,333.5333333333333,169.8
2022-04-27,190.0,20334203.782,106893.54333333332,323.4666666666667,164.2
2022-04-28,185.0,19782721.696,106806.29,313.4,158.6
2022-04-29,180.0,19231239.61,106719.03666666668,303.33333333333337,153.0
2022-04-30,175.0,18679757.524,106631.78333333334,293.26666666666665,147.4
2022-05-01,170.0,18128275.438,106544.53,283.2,141.8
2022-05-02,165.0,17576793.351999998,106457.27666666669,273.1333333333333,136.2
2022-05-03,160.0,17025311.266000003,106370.02333333332,263.06666666666666,130.60000000000002
2022-05-04,155.0,16473829.18,106282.77,253.0,125.0
2022-05-05,128.0,11098043.4,86703.46,167.0,87.0
2022-05-06,141.0,9858278.72,69916.87,175.0,86.0
2022-05-07,134.0,10012119.47,74717.31,196.0,108.0
2022-05-08,94.0,6012093.9,63958.45,147.0,76.0
2022-05-09,217.0,11708137.1,53954.55,319.0,169.0
2022-05-10,284.0,18216067.84,64141.08,373.0,209.0
2022-05-11,135.0,9717437.64,71981.02,203.0,109.0
2022-05-12,178.0,8799290.82,49434.22,269.0,152.0
2022-05-13,219.0,13247821.28,60492.33,286.0,160.0
2022-05-14,86.0,5197415.81,60435.07,116.0,59.0
2022-05-15,52.0,3318111.97,63809.85,96.0,50.0
2022-05-16,99.0,6116272.18,61780.53,140.0,76.0
2022-05-17,93.0,5252764.36,56481.34,120.0,68.0
2022-05-18,95.0,6764931.17,71209.8,131.0,69.0
2022-05-19,102.0,7961434.03,78053.27,155.0,89.0
2022-05-20,73.0,4765835.34,65285.42,116.0,67.0
2022-05-21,80.0,4958722.26,61984.03,124.0,68.0
2022-05-22,83.0,3207056.42,38639.23,112.0,59.0
2022-05-23,99.0,3372926.84,34069.97,122.0,65.0
2022-05-24,67.0,2979050.31,44463.44,102.0,51.0
2022-05-25,79.0,4321020.94,54696.47,109.0,58.0
2022-05-26,101.0,7084882.93,70147.36,154.0,87.0
2022-05-27,120.0,5077076.9,42308.97,176.0,97.0
2022-05-28,58.0,2564044.59,44207.67,96.0,52.0
2022-05-29,89.0,4527766.27,50873.78,131.0,74.0
2022-05-30,84.0,4555957.02,54237.58,125.0,72.0
2022-05-31,121.0,10310669.34,85212.14,162.0,94.0
2022-06-01,152.0,9234470.01,60753.09,222.0,123.0
2022-06-02,74.0,3721193.69,50286.4,111.0,61.0
2022-06-03,73.0,4343612.17,59501.54,107.0,64.0
2022-06-04,60.0,3080483.56,51341.39,98.0,56.0
2022-06-05,53.0,2886587.31,54463.91,81.0,42.0
2022-06-06,71.0,6684222.03,94143.97,97.0,53.0
2022-06-07,85.0,6830581.83,80359.79,115.0,63.0
2022-06-08,93.0,3802375.19,40885.75,149.0,85.0
2022-06-09,82.0,4744212.27,57856.25,102.0,63.0
2022-06-10,55.0,3810581.39,69283.3,97.0,52.0
2022-06-11,79.0,3804954.75,48163.98,122.0,67.0
2022-06-12,95.0,3850047.14,40526.81,154.0,84.0
2022-06-13,360.0,11366447.02,31573.46,455.0,263.0
2022-06-14,245.0,8336960.67,34028.41,340.0,196.0
2022-06-15,167.0,5949821.72,35627.67,237.0,143.0
2022-06-16,115.0,4973027.02,43243.71,161.0,86.0
2022-06-17,103.0,3674509.69,35674.85,148.0,86.0
2022-06-18,119.0,3871117.81,32530.4,187.0,99.0
2022-06-19,109.0,4088340.65,37507.71,163.0,98.0
2022-06-20,108.0,4104386.36,38003.58,163.0,87.0
2022-06-21,95.0,3891234.22,40960.36,144.0,83.0
2022-06-22,68.0,2973273.64,43724.61,106.0,59.0
2022-06-23,60.0,1810330.54,30172.18,101.0,55.0
2022-06-24,93.0,3105962.1,33397.44,136.0,80.0
2022-06-25,60.0,2535975.7,42266.26,97.0,54.0
2022-06-26,86.0,3915231.31,45525.95,136.0,74.0
2022-06-27,93.0,4692643.65,50458.53,142.0,77.0
2022-06-28,106.0,5226220.48,49303.97,131.0,75.0
2022-06-29,84.0,2855309.42,33991.78,122.0,69.0
2022-06-30,93.0,3831794.95,41202.1,112.0,64.0
2022-07-01,100.0,4068770.09,40687.7,139.0,79.0
2022-07-02,64.0,2053330.25,32083.29,98.0,47.0
2022-07-03,66.0,2397743.9,36329.45,96.0,58.0
2022-07-04,54.0,2098832.79,38867.27,91.0,49.0
2022-07-05,74.0,2383153.81,32204.78,116.0,62.0
2022-07-06,93.0,3985342.62,42853.15,120.0,66.0
2022-07-07,137.0,6034578.86,44048.02,177.0,99.0
2022-07-08,126.0,5618130.31,44588.34,149.0,91.0
2022-07-09,217.0,5135777.11,23667.18,284.0,149.0
2022-07-10,127.0,4907739.31,38643.62,182.0,102.0
2022-07-11,87.0,2686795.92,30882.71,144.0,81.0
2022-07-12,119.0,3764800.67,31636.98,133.0,78.0
2022-07-13,117.0,4714793.64,40297.38,120.0,73.0
2022-07-14,81.0,2970503.42,36672.88,104.0,56.0
2022-07-15,53.0,2606242.4,49174.38,75.0,41.0
2022-07-16,72.0,2954347.27,41032.6,108.0,59.0
2022-07-17,63.0,2755271.98,43734.48,95.0,54.0
2022-07-18,71.0,3320567.65,46768.56,103.0,56.0
2022-07-19,79.0,3739653.55,47337.39,105.0,59.0
2022-07-20,56.0,2942065.11,52536.88,73.0,40.0
2022-07-21,94.0,4608010.95,49021.39,114.0,65.0
2022-07-22,63.0,3251284.9,51607.7,89.0,50.0
2022-07-23,51.0,2095023.43,41078.89,81.0,47.0
2022-07-24,55.0,2222009.6,40400.17,81.0,44.0
2022-07-25,62.0,2900934.55,46789.27,95.0,52.0
2022-07-26,79.0,3085402.28,39055.73,110.0,65.0
2022-07-27,89.0,2720172.84,30563.74,111.0,57.0
2022-07-28,89.0,3828198.94,43013.47,138.0,75.0
2022-07-29,96.0,4445482.98,46307.11,111.0,66.0
2022-07-30,54.0,2930130.39,54261.67,73.0,44.0
2022-07-31,51.0,1397007.99,27392.31,82.0,42.0
2022-08-01,55.0,2420488.8,44008.89,91.0,47.0
2022-08-02,56.0,2213452.33,39525.93,83.0,45.0
2022-08-03,63.0,2370123.15,37621.0,94.0,56.0
2022-08-04,95.0,3396503.58,35752.67,122.0,68.0
2022-08-05,84.0,4162470.48,49553.22,108.0,66.0
2022-08-06,61.0,2241425.14,36744.67,95.0,49.0
2022-08-07,114.0,3556817.03,31200.15,176.0,89.0
2022-08-08,68.0,2079872.52,30586.36,87.0,49.0
2022-08-09,72.0,3047021.06,42319.74,104.0,55.0
2022-08-10,103.0,4402065.76,42738.5,115.0,72.0
2022-08-11,72.0,3564998.45,49513.87,103.0,56.0
2022-08-12,79.0,3315004.8,41962.09,88.0,48.0
2022-08-13,72.0,2796815.22,38844.66,105.0,59.0
2022-08-14,68.0,2795428.19,41109.24,112.0,63.0
2022-08-15,80.0,3229857.34,40373.22,129.0,71.0
2022-08-16,99.0,4216349.46,42589.39,130.0,72.0
2022-08-17,97.0,5233984.88,53958.61,114.0,67.0
2022-08-18,64.0,3273243.57,51144.43,93.0,53.0
2022-08-19,111.0,3397805.89,30610.86,154.0,83.0
2022-08-20,127.0,4096238.97,32253.85,157.0,86.0
2022-08-21,189.0,5543938.73,29333.01,209.0,125.0
2022-08-22,107.0,3925929.09,36690.93,167.0,98.0
2022-08-23,80.0,2972186.28,37152.33,121.0,73.0
2022-08-24,153.0,5499739.58,35946.01,135.0,73.0
2022-08-25,154.0,7273058.59,47227.65,180.0,106.0
2022-08-26,134.0,4862080.84,36284.19,137.0,82.0
2022-08-27,86.0,3841304.59,44666.33,105.0,64.0
2022-08-28,67.0,2148595.4,32068.59,103.0,55.0
2022-08-29,61.0,1993466.07,32679.77,76.0,41.0
2022-08-30,74.0,2885513.75,38993.43,97.0,55.0
2022-08-31,60.0,2961195.0,49353.25,89.0,53.0
2022-09-01,43.0,1010657.74,23503.67,63.0,39.0
2022-09-02,60.0,2050487.34,34174.79,80.0,46.0
2022-09-03,39.0,1177976.58,30204.53,66.0,37.0
2022-09-04,21.0,512706.96,24414.62,33.0,19.0
2022-09-05,60.0,2285609.77,38093.5,65.0,38.0
2022-09-06,76.0,1863455.59,24519.15,78.0,41.0
2022-09-07,86.0,2337120.35,27175.82,69.0,43.0
2022-09-08,70.0,2880852.44,41155.03,85.0,48.0
2022-09-09,61.0,2249522.16,36877.41,87.0,46.0
2022-09-10,89.0,2441485.19,27432.42,100.0,66.0
2022-09-11,90.0,3375613.6,37506.82,117.0,65.0
2022-09-12,70.0,2195015.02,31357.36,83.0,49.0
2022-09-13,82.0,2497421.83,30456.36,101.0,55.0
2022-09-14,45.0,1407136.05,31269.69,77.0,42.0
2022-09-15,86.0,2349936.04,27324.84,106.0,61.0
2022-09-16,53.0,1317555.66,24859.54,84.0,44.0
2022-09-17,77.0,2512915.03,32635.26,109.0,55.0
2022-09-18,78.0,2558766.54,32804.7,103.0,55.0
2022-09-19,79.0,2147321.15,27181.28,106.0,58.0
2022-09-20,125.0,3713839.27,29710.71,175.0,93.0
2022-09-21,84.0,1758349.39,20932.73,121.0,66.0
2022-09-22,75.0,2017352.63,26898.04,108.0,57.0
2022-09-23,72.0,2674997.99,37152.75,106.0,54.0
2022-09-24,87.0,3395505.08,39028.79,107.0,57.0
2022-09-25,97.0,3109821.59,32060.02,129.0,68.0
2022-09-26,79.0,2866933.53,36290.3,111.0,64.0
2022-09-27,52.0,1825431.96,35104.46,83.0,46.0
2022-09-28,107.0,2678989.41,25037.28,106.0,60.0
2022-09-29,74.0,1455046.84,19662.8,97.0,55.0
2022-09-30,69.0,1764666.5,25574.88,87.0,50.0
2022-10-01,68.0,2066300.5,30386.77,85.0,52.0
2022-10-02,69.0,1620954.91,23492.1,96.0,50.0
2022-10-03,48.0,1167068.99,24313.94,76.0,40.0
2022-10-04,56.0,1396775.17,24942.41,83.0,49.0
2022-10-05,55.0,1562518.91,28409.43,82.0,46.0
2022-10-06,69.0,2510777.45,36388.08,91.0,53.0
2022-10-07,51.0,1143256.31,22416.79,69.0,38.0
2022-10-08,51.0,1546995.23,30333.24,68.0,41.0
2022-10-09,60.0,1414763.96,23579.4,79.0,40.0
2022-10-10,54.0,1610134.01,29817.3,70.0,40.0
2022-10-11,94.0,2777200.77,29544.69,144.0,77.0
2022-10-12,101.0,2562177.96,25368.1,137.0,76.0
2022-10-13,106.0,2747307.12,25917.99,142.0,80.0
2022-10-14,65.0,1685190.85,25926.01,99.0,57.0
2022-10-15,56.0,1435938.1,25641.75,74.0,41.0
2022-10-16,64.0,1958365.59,30599.46,88.0,53.0
2022-10-17,49.0,936990.32,19122.25,73.0,40.0
2022-10-18,59.0,1433883.69,24303.11,83.0,41.0
2022-10-19,65.0,1867357.48,28728.58,85.0,51.0
2022-10-20,65.0,1788357.65,27513.19,93.0,57.0
2022-10-21,64.0,2082521.79,32539.4,91.0,54.0
2022-10-22,65.0,1456391.81,22406.03,79.0,47.0
2022-10-23,55.0,1432862.85,26052.05,85.0,47.0
2022-10-24,40.0,966503.58,24162.59,59.0,35.0
2022-10-25,83.0,2513151.38,30278.93,120.0,67.0
2022-10-26,103.0,3088176.01,29982.29,134.0,78.0
2022-10-27,62.0,1721998.47,27774.17,86.0,49.0
2022-10-28,62.0,1584935.22,25563.47,88.0,47.0
2022-10-29,59.0,1959209.41,33206.94,68.0,37.0
2022-10-30,76.0,2090651.91,27508.58,80.0,49.0
2022-10-31,125.0,4642242.07,37137.94,120.0,73.0
2022-11-01,77.0,2594339.17,33692.72,104.0,62.0
2022-11-02,77.0,3155632.67,40982.24,99.0,55.0
2022-11-03,56.0,1207081.42,21555.03,89.0,48.0
2022-11-04,92.0,3165111.87,34403.39,102.0,53.0
2022-11-05,65.0,1597861.41,24582.48,87.0,46.0
2022-11-06,69.0,1867519.6,27065.5,97.0,57.0
2022-11-07,47.0,2897961.49,61658.76,70.0,37.0
2022-11-08,79.0,3155531.35,39943.43,112.0,63.0
2022-11-09,155.0,4157708.2,26823.92,203.0,106.0
2022-11-10,213.0,6403707.86,30064.36,198.0,120.0
2022-11-11,189.0,5857740.95,30993.34,190.0,104.0
2022-11-12,105.0,3791371.41,36108.3,127.0,78.0
2022-11-13,94.0,2187151.39,23267.57,123.0,70.0
2022-11-14,187.0,5020142.71,26845.68,216.0,124.0
2022-11-15,296.0,9405556.31,31775.53,328.0,198.0
2022-11-16,215.0,4236967.36,19706.82,269.0,154.0
2022-11-17,69.0,2390999.54,34652.17,103.0,59.0
2022-11-18,92.0,1718667.35,18681.17,122.0,70.0
2022-11-19,55.0,1214717.03,22085.76,81.0,51.0
2022-11-20,62.0,994939.55,16047.41,85.0,45.0
2022-11-21,89.0,2525836.73,28380.19,129.0,72.0
2022-11-22,104.0,2750687.96,26448.92,144.0,73.0
2022-11-23,107.0,4399674.44,41118.45,130.0,69.0
2022-11-24,317.0,5938519.29,18733.5,286.0,172.0
2022-11-25,193.0,3778961.73,19580.11,240.0,147.0
2022-11-26,423.0,9746023.25,23040.24,425.0,231.0
2022-11-27,271.0,6492601.21,23957.94,321.0,174.0
2022-11-28,146.0,3872567.0,26524.43,163.0,92.0
2022-11-29,93.0,1873803.61,20148.43,143.0,79.0
2022-11-30,101.0,2731187.51,27041.46,145.0,85.0
2022-12-01,60.0,1420088.4,24069.29,95.0,50.0
2022-12-02,75.0,1768234.32,23576.46,93.0,54.0
2022-12-03,69.0,1547392.07,22425.97,107.0,60.0
2022-12-04,110.0,2615995.15,23781.77,160.0,93.0
2022-12-05,140.0,3330432.11,23788.8,170.0,94.0
2022-12-06,192.0,4749571.14,24737.35,234.0,128.0
2022-12-07,110.0,2517452.07,22885.93,135.0,82.0
2022-12-08,108.0,3588545.58,33227.27,145.0,79.0
2022-12-09,148.0,3669295.87,24792.54,168.0,97.0
2022-12-10,345.0,8207565.67,23790.05,294.0,158.0
2022-12-11,361.0,7533235.34,20867.69,287.0,182.0
2022-12-12,310.0,5837139.04,18829.48,275.0,162.0
2022-12-13,248.0,6905813.61,27846.02,225.0,137.0
